{"cameraMode":{"drawMode":0,"name":"Shaded","section":"Shading Mode"},"sceneLighting":false,"audioPlay":false,"sceneViewState":{"m_AlwaysRefresh":false,"showFog":true,"showSkybox":false,"showFlares":true,"showImageEffects":true,"showParticleSystems":true,"showVisualEffectGraphs":true,"m_FxEnabled":true},"in2DMode":false,"pivot":{"x":-0.3107151985168457,"y":5.981479644775391,"z":122.95999908447266},"rotation":{"x":0.001146573107689619,"y":-0.9983975291252136,"z":0.052773430943489078,"w":0.021574631333351136},"size":7.088723659515381,"orthographic":false}