{"cameraMode":{"drawMode":0,"name":"Shaded","section":"Shading Mode"},"sceneLighting":false,"audioPlay":false,"sceneViewState":{"m_AlwaysRefresh":false,"showFog":true,"showSkybox":false,"showFlares":true,"showImageEffects":true,"showParticleSystems":true,"showVisualEffectGraphs":true,"m_FxEnabled":true},"in2DMode":false,"pivot":{"x":-3.7239556312561037,"y":-8.287099838256836,"z":-63.89562225341797},"rotation":{"x":-0.0018041885923594237,"y":0.9947062730789185,"z":-0.10061755031347275,"w":-0.017916960641741754},"size":67.1686019897461,"orthographic":false}