{"cameraMode":{"drawMode":0,"name":"Shaded","section":"Shading Mode"},"sceneLighting":false,"audioPlay":false,"sceneViewState":{"m_AlwaysRefresh":false,"showFog":true,"showSkybox":false,"showFlares":true,"showImageEffects":true,"showParticleSystems":true,"showVisualEffectGraphs":true,"m_FxEnabled":true},"in2DMode":false,"pivot":{"x":-8.787843704223633,"y":8.368049621582032,"z":-161.17999267578126},"rotation":{"x":0.00007900327182142064,"y":-0.99984210729599,"z":0.004808657802641392,"w":0.017105719074606897},"size":196.5929412841797,"orthographic":false}