{"cameraMode":{"drawMode":0,"name":"Shaded","section":"Shading Mode"},"sceneLighting":false,"audioPlay":false,"sceneViewState":{"m_AlwaysRefresh":false,"showFog":true,"showSkybox":false,"showFlares":true,"showImageEffects":true,"showParticleSystems":true,"showVisualEffectGraphs":true,"m_FxEnabled":true},"in2DMode":false,"pivot":{"x":-1.7027515172958375,"y":7.48692512512207,"z":-29.966083526611329},"rotation":{"x":-0.00038438019691966474,"y":0.9995570182800293,"z":-0.015304273925721646,"w":-0.02519100345671177},"size":47.9840087890625,"orthographic":false}