{"cameraMode":{"drawMode":0,"name":"Shaded","section":"Shading Mode"},"sceneLighting":false,"audioPlay":false,"sceneViewState":{"m_AlwaysRefresh":false,"showFog":true,"showSkybox":false,"showFlares":true,"showImageEffects":true,"showParticleSystems":true,"showVisualEffectGraphs":true,"m_FxEnabled":true},"in2DMode":false,"pivot":{"x":0.010338973253965378,"y":9.599689483642579,"z":0.08969999849796295},"rotation":{"x":0.000048566296754870564,"y":-0.9998438358306885,"z":-0.017689812928438188,"w":-0.0023987237364053728},"size":6.866026878356934,"orthographic":false}